{
  "lgb": 0.08652364584567974,
  "xgb": 0.07626044750213623,
  "ensemble": 0.07843292565525983
}