{
  "lgb": 0.14131538852209244,
  "xgb": 0.15732087194919586,
  "ensemble": 0.14721988726265822
}