{
  "lgb": 0.14785478547854786,
  "xgb": 0.13809245824813843,
  "ensemble": 0.14297362186334314
}