{
  "lgb": 0.12624144780401678,
  "xgb": 0.13343966007232666,
  "ensemble": 0.11611104869725451
}