{
  "lgb": 0.11572594959176428,
  "xgb": 0.12855006754398346,
  "ensemble": 0.11820028630290147
}